{
  "branch": "master",
  "files": [
    "book/cover.html",
    "LICENSE.asc",
    "book/preface.asc",
    "book/introduction.asc",
    "book/toc.asc",
    "book/01-introduction/1-introduction.asc",
    "book/02-using-atom/1-using-atom.asc",
    "book/index.asc"
  ],
  "formats": {
    "pdf": {
      "version": "web",
      "index": true,
      "toc": true,
      "syntaxhighlighting": true,
      "show_comments": false
    },
    "epub": {
      "index": true,
      "toc": true,
      "epubcheck": true,
      "embedded_fonts": [
        "fonts/DejaVuSerif.otf",
        "fonts/DejaVuSans-Bold.otf",
        "fonts/hold/UbuntuMono-Bold.otf",
        "fonts/hold/UbuntuMono-BoldItalic.otf",
        "fonts/hold/UbuntuMono-Regular.otf",
        "fonts/hold/UbuntuMono-Italic.otf"
      ],
      "syntaxhighlighting": true,
      "show_comments": false
    },
    "mobi": {
      "index": true,
      "toc": true,
      "embedded_fonts": [
        "fonts/DejaVuSerif.otf",
        "fonts/DejaVuSans-Bold.otf",
        "fonts/hold/UbuntuMono-Bold.otf",
        "fonts/hold/UbuntuMono-BoldItalic.otf",
        "fonts/hold/UbuntuMono-Regular.otf",
        "fonts/hold/UbuntuMono-Italic.otf"
      ],
      "syntaxhighlighting": true,
      "show_comments": false
    },
    "html": {
      "index": true,
      "toc": true,
      "syntaxhighlighting": true,
      "show_comments": false,
      "consolidate": false,
      "consolidated": false
    }
  },
  "theme": "oreillymedia/atlas_tech1c_theme",
  "title": "Atom Flight Manual"
}
